case_id,group,query,expected_focus,iottri_accuracy,iottri_clarity,iottri_completeness,iottri_ethics,baseline_accuracy,baseline_clarity,baseline_completeness,baseline_ethics,iottri_length_chars,baseline_length_chars,iottri_length_words,baseline_length_words,iottri_response,baseline_response
c1,web_recon,What should I examine next in the authorised lab?,prioritise evidence collection on authentication and transport security,4,5,3,5,3,4,2,5,532,237,71,35,"Focus on testing the strength of authentication by attempting common default credentials and checking if authentication is enforced consistently. Additionally, verify whether the login page uses encrypted transport (HTTPS) to protect credentials during transmission.

Weak or default credentials and unencrypted HTTP transport are common insecure configurations that reduce the trust boundary between the user and the device, increasing exposure risk. Confirming these issues helps identify key vulnerabilities in the web interface.","Next, examine the authentication mechanism by testing for weak or default credentials on the login page, and analyze if the administrative interface is using unencrypted HTTP, as these are common insecure configurations in this scenario."
c2,web_recon,Which observations should I prioritise collecting next?,prioritise security-relevant observations and trust boundaries,4,5,3,5,4,5,3,5,381,341,53,47,"Prioritise collecting evidence on authentication strength and transport security of the web admin page first.

Since the web interface forms a critical trust boundary, understanding whether it uses weak or default credentials and whether it transmits data unencrypted (HTTP) is essential to evaluate exposure risks. These factors directly affect access control and confidentiality.","Prioritize gathering details about the web admin page's authentication mechanism and whether the HTTP transport is encrypted. Specifically, check if weak or default credentials are accepted and if the interface uses unencrypted HTTP, as these directly relate to insecure configurations and trust boundaries critical for remediation planning."
c3,web_recon,Why is the transport choice important before I make any security conclusion?,recognise credential exposure and insecure transport risk,4,5,3,5,4,5,3,5,457,448,64,64,"Because using unencrypted HTTP means that credentials and session information can be intercepted by anyone on the local network, weakening the security boundary between the user and the device.

The choice of transport protocol directly affects how well authentication data is protected during transmission. If the connection is not encrypted, attackers can eavesdrop and potentially hijack sessions, which undermines any authentication mechanisms in place.","The choice of transport protocol is critical because unencrypted HTTP transmits data, including login credentials, in clear text over the network. This means attackers on the same network can easily intercept and read sensitive information, compromising authentication and session security. Without secure transport like HTTPS, even strong credentials can be exposed, making it difficult to trust the overall security of the device's web interface."
c4,web_recon,What kinds of evidence would help me reason about weak authentication or insecure configuration?,identify evidence for weak authentication and insecure config,4,5,3,5,4,5,3,5,407,505,55,68,"Collect evidence by testing whether default or weak credentials are accepted and by checking if the web interface uses unencrypted HTTP transport for authentication.

Observing acceptance of weak or default credentials confirms weak authentication, while verifying unencrypted HTTP reveals exposure of credentials and session data, both of which degrade trust boundaries and indicate insecure configuration.","Evidence for weak authentication includes finding default or easily guessable credentials accepted by the device, or lack of multi-factor authentication. Insecure configuration evidence includes use of unencrypted HTTP for the web interface instead of HTTPS, absence of session timeouts, and exposed administrative pages without proper access controls. Observing these factors helps reason about trust boundaries by identifying where an attacker could gain unauthorized access or intercept sensitive data."
c5,web_recon,Is the existence of a login page itself a sign that security is good?,reject false assurance from presence of login page,4,5,3,5,4,5,3,5,436,349,64,52,"No, simply having a login page does not guarantee good security; it is important to verify whether the authentication is strong and whether communication is properly protected.

A login page establishes a trust boundary, but weak or default credentials and lack of transport encryption can still expose the system to compromise. Effective security depends on both strong authentication mechanisms and secure transmission of credentials.","The mere presence of a login page does not guarantee good security. It is important to assess the strength of the authentication mechanisms and whether communications are protected—for example, if default or weak credentials are accepted or if the interface uses unencrypted HTTP, these represent insecure configurations despite having a login page."
c6,web_recon,"How should I distinguish between evidence, suspicion, and conclusion?",separate observed facts from interpretation,4,5,3,5,4,5,4,5,541,612,74,83,"Classify observations as evidence only when you have concrete data, treat suspicions as hypotheses requiring further verification, and reserve conclusions for well-supported findings based on multiple evidence points.

This approach aligns with best practices in security analysis, helping to avoid assumptions based solely on interface presence and ensuring that risk reasoning is grounded in verified facts such as authentication behavior and encryption use. It also aids in correctly assessing trust boundaries and justifying remediation.","In your authorized IoT pentesting lab, distinguish these terms as follows: Evidence is concrete, verifiable data you collect—such as finding weak credentials or unencrypted HTTP access. Suspicion is an informed hypothesis based on partial evidence or patterns—for example, suspecting weak authentication because the admin page is reachable without HTTPS. Conclusion is a reasoned judgment drawn from sufficient evidence and analysis, like confirming a misconfiguration and recommending remediation. Maintaining this distinction helps you reason clearly and justify your findings responsibly within the lab scope."
c7,web_validation,What does this suggest about the device security?,identify insecure transport and credential exposure risk,4,5,3,5,3,4,2,5,372,481,55,67,"The use of unencrypted HTTP for the login page suggests that the device's security is weakened because credentials can be intercepted by attackers on the local network.

Unencrypted transport exposes authentication data such as credentials and session tokens, which undermines the trust boundary between the user and the device, increasing the risk of unauthorized access.","The use of HTTP for the login page indicates that the device transmits administrator credentials unencrypted, exposing them to interception by attackers on the local network. This reflects weak transport security, increasing the risk of credential compromise and unauthorized access. Combined with evidence of weak or default credentials, it suggests the device's security posture is inadequate and requires remediation such as enforcing HTTPS and strong authentication mechanisms."
c8,web_validation,How should I justify this finding in a report?,justify finding with evidence and impact,4,5,3,5,4,3,2,5,464,557,67,76,"Justify the finding by explaining that the lack of HTTPS allows credentials and session tokens to be exposed to local network attackers, weakening the trust boundary between the user and the device.

Unencrypted HTTP means sensitive authentication data can be intercepted on the network, increasing the risk of unauthorized access and compromise of the device. This directly undermines the security assumptions about user-device communication and trust boundaries.","In your report, justify the finding by explaining that the use of unencrypted HTTP for the administrative interface exposes sensitive credentials and session data to interception on the local network, compromising confidentiality and integrity. Emphasize that this weakens the trust boundary between the device and the user, allowing attackers to potentially gain unauthorized access. Highlight that securing the interface with HTTPS encryption is essential to protect credentials and maintain secure communication, thereby mitigating this significant risk."
c9,web_validation,Is this enough evidence to conclude the device is secure?,correct the misconception and request stronger evidence,4,5,3,5,2,4,2,5,362,335,55,49,"Do not conclude the device is secure based solely on the presence of a login page; verify whether authentication is strong and whether transport uses encryption.

A login page alone does not guarantee security. Weak or default credentials and unencrypted HTTP can expose credentials and weaken trust boundaries, increasing risk even if authentication is present.","No, the presence of a login page alone is not sufficient to conclude the device is secure. Evidence of weak or default credentials and unencrypted HTTP access significantly undermines security by allowing unauthorized access and interception of sensitive data. These insecure configurations must be addressed to ensure device security."
c10,web_validation,How can I explain the trust-boundary impact clearly?,explain trust-boundary and attacker opportunity,4,5,3,5,3,4,2,5,500,615,69,84,"Explain that the web interface acts as a key trust boundary where users authenticate to manage the device, so weak authentication and unencrypted HTTP reduce this boundary's effectiveness, exposing credentials and increasing risk of unauthorized access.

A trust boundary separates trusted and untrusted zones; if authentication is weak or communication unencrypted, attackers on the local network can intercept or spoof access, effectively bypassing intended protections and compromising the device.","To explain the trust-boundary impact clearly, describe how the device's web interface accepts weak or default credentials and transmits data over unencrypted HTTP, which means that untrusted users on the local network or attackers intercepting traffic can easily gain unauthorized access. This breaks the expected trust boundary between legitimate users and potential attackers, exposing sensitive controls and data. Emphasize that without strong authentication and encrypted transport, the device cannot effectively enforce access controls, allowing attackers to cross the trust boundary and compromise the system."
c11,web_validation,What should I verify before assuming authentication is strong?,suggest verification of strength rather than assumption,4,5,3,5,4,5,3,5,403,520,53,72,"Verify whether the authentication mechanism enforces strong, non-default credentials and whether the login process is protected by encrypted transport such as HTTPS.

Weak or default credentials and unencrypted HTTP transmission expose authentication data to attackers, weakening the trust boundary between user and device. Confirming these factors is essential before assuming authentication is strong.","Before assuming authentication is strong, verify if the system accepts weak or default credentials, check whether password complexity and account lockout policies are enforced, and confirm if the authentication process occurs over encrypted channels to prevent interception. Also, assess if multi-factor authentication is implemented and whether session management is secure. In this lab, pay special attention to the acceptance of default credentials and the lack of HTTPS, which weaken overall authentication security."
c12,web_validation,What remediation themes should I discuss?,discuss authentication hardening and secure transport,4,5,3,5,4,5,3,5,489,333,58,43,"Discuss remediation themes including enforcing strong authentication policies, eliminating default or weak credentials, enabling HTTPS to secure transport, and restricting administrative access to trusted networks or users.

These themes directly address identified weaknesses by strengthening trust boundaries: strong authentication prevents unauthorized access, HTTPS protects credentials and session data from interception, and access restrictions limit exposure to potential attackers.","You should discuss remediation themes focusing on enforcing strong authentication mechanisms, such as requiring unique, complex passwords and disabling default credentials, and implementing encrypted transport protocols like HTTPS to protect data in transit and secure the web administration interface from interception or tampering."
c13,mqtt,What should I inspect first to reason about message exposure risk?,"check authentication, topic access, and sensitive data exposure",4,5,3,5,3,4,2,5,530,389,73,53,"Start by verifying whether the MQTT broker enforces authentication and whether topic access controls are in place to restrict who can subscribe or publish to sensitive telemetry topics.

Checking broker authentication and topic-level permissions directly addresses message exposure risks. Without proper authentication, unauthorized users on the local network can access or manipulate messages, leading to data leaks or control abuse. Topic restrictions further limit exposure by preventing broad access to sensitive data streams.","Start by inspecting the MQTT broker's authentication and authorization settings—verify if the broker allows unauthenticated connections and whether access controls are in place for topics. Then analyze which topics are published and subscribed to, focusing on whether sensitive telemetry data is exposed without proper restrictions, to understand message exposure and trust boundary risks."
c14,mqtt,Why is this significant from a trust-boundary perspective?,explain message trust boundary and unauthorised access risk,5,5,4,5,3,4,2,5,415,534,54,72,"Understand that accepting unauthenticated MQTT connections on the local network breaks trust boundaries by allowing unauthorized parties to observe or manipulate device communications.

Without proper authentication and access control, sensitive MQTT topics like telemetry or control messages can be accessed or altered by intruders, compromising data confidentiality and system integrity within the trust boundary.","This is significant because the MQTT broker accepting unauthenticated connections and exposing sensitive topics without access control effectively extends the trust boundary beyond intended devices. It allows any entity within the network or reachable scope to subscribe and access sensitive telemetry data, breaking isolation principles and increasing risk of data leakage or unauthorized control. Properly enforcing authentication and topic permissions is essential to maintain trust boundaries and protect sensitive IoT data flows."
c15,mqtt,How should I describe the security impact without exaggeration?,describe impact carefully and evidence-based,5,5,4,5,4,5,3,5,595,538,85,73,"Frame the impact by clearly stating that unauthenticated MQTT access allows unauthorized observers or actors on the local network to see or modify telemetry and control messages, which may reveal sensitive device state or enable misuse, without assuming worst-case scenarios beyond your evidence.

This measured description highlights verified risks such as data leakage and unauthorized control due to lack of authentication and topic access control, while avoiding speculative or exaggerated claims. It aligns with known MQTT broker exposure principles and respects the current evidence scope.","To describe the security impact accurately without exaggeration, focus on clear facts: the MQTT broker allows unauthenticated connections and publishes sensitive telemetry without access controls. Explain how this could enable unauthorized users within the local network or connected cloud services to view or manipulate IoT data, potentially leading to privacy breaches or operational disruption. Avoid speculative outcomes; instead, link impact statements directly to observed evidence and known threat scenarios within the lab context."
c16,mqtt,What remediation directions should I include for MQTT security?,"authentication, authorisation, topic restrictions, encryption",4,5,3,5,2,3,2,5,540,480,69,58,"Include recommendations for enforcing strong broker authentication, implementing topic-level access control, applying network segmentation to isolate the broker, and using encryption to protect MQTT communications.

These mitigations address the core risks of unauthenticated broker access and unrestricted topic exposure by ensuring only authorized clients can connect and subscribe or publish to sensitive topics. Network segmentation and encryption further reduce attack surface and protect data confidentiality within the local network.","To remediate MQTT security issues, recommend enforcing strong broker authentication (e.g., username/password, certificates), implementing topic-based access controls to restrict sensitive message exposure, enabling encrypted communication (TLS) to protect data in transit, and regularly auditing broker configurations. Additionally, isolate the MQTT broker within trusted network boundaries and monitor for anomalous activity to reduce attack surface and enhance trust management."
c17,mqtt,What evidence would distinguish normal functionality from insecure exposure?,need evidence of access control and sensitivity,5,5,4,5,3,4,2,5,426,621,51,74,"Gather evidence on whether the MQTT broker requires authentication and restricts topic subscriptions, especially for sensitive telemetry topics.

Normal functionality involves controlled access to messaging topics with authentication and authorization. Insecure exposure is indicated by unauthenticated broker access and unrestricted subscription to sensitive topics, allowing unauthorized observation or manipulation of data.","Evidence that distinguishes normal functionality from insecure exposure includes: 1) Whether the MQTT broker requires authentication before allowing subscription or publication; unauthenticated access indicates insecurity. 2) Whether sensitive telemetry topics are accessible to unauthorized clients, showing lack of access control. 3) Whether messages are transmitted in plaintext without encryption, increasing exposure risk. Normal functionality involves authenticated, authorized access with appropriate trust boundaries, whereas insecure exposure is characterized by open, unauthenticated access to sensitive topics."
c18,mqtt,How should I relate exposed topics to confidentiality and integrity concerns?,link exposure to confidentiality and potential control/integrity risks,5,5,4,5,3,4,3,5,612,557,79,72,"Map exposed MQTT topics to confidentiality by assessing if sensitive data is published without access restrictions, enabling unauthorized observation. Relate integrity concerns to whether unauthorized entities can publish or alter messages on these topics, potentially causing incorrect device behavior.

Confidentiality is compromised when exposed topics allow eavesdropping on sensitive telemetry or control data. Integrity is at risk if unauthenticated clients can publish to topics, leading to unauthorized commands or false data injection. Understanding these relationships guides effective risk assessment.","Exposed MQTT topics without access control directly impact confidentiality because unauthorized parties can subscribe and read sensitive telemetry data, leading to information disclosure. They also affect integrity since anyone connected can publish messages on these topics, potentially injecting false or malicious data. Therefore, analyzing which topics are exposed helps identify where confidentiality and integrity protections are lacking, highlighting trust boundary weaknesses and the need for authentication and authorization controls on the broker."
c19,ble,What should I look for when reasoning about pairing weakness?,look for verification strength and nearby attacker assumptions,4,5,3,5,3,4,2,5,399,606,55,85,"Examine how the device establishes identity during pairing, whether user confirmation steps are meaningful and effective, and if the device limits repeated or unsolicited pairing attempts from nearby devices.

Assessing these factors helps identify weak pairing mechanisms that assume nearby devices are trustworthy and may allow unauthorized access, which aligns with common BLE pairing weaknesses.","When reasoning about pairing weakness in BLE devices, look for indicators such as the absence of authentication steps during pairing, use of Just Works pairing without passkeys or numeric comparison, lack of encryption or weak encryption methods, and whether the device automatically trusts any nearby scanner without user confirmation. Also consider if sensitive data or control functions become accessible immediately after pairing, which suggests insufficient access controls. Evaluating these factors helps assess if local attackers nearby could exploit the pairing process to gain unauthorized access."
c20,ble,Why does convenience in pairing sometimes create security risk?,explain tradeoff between usability and authentication assurance,4,5,3,5,5,5,4,5,369,384,51,52,"Convenient BLE pairing often reduces or skips strong device verification steps, which can let unauthorized nearby devices connect and access data unintentionally.

Ease of pairing typically trades off security measures like user confirmation or cryptographic checks, making it easier for attackers in physical proximity to impersonate trusted devices or intercept data.","Convenient pairing methods often reduce or eliminate strong verification steps to simplify user experience. This can lead to weak authentication, allowing nearby attackers to impersonate trusted devices or intercept data. Such ease increases the risk that unauthorized parties gain access, compromising security by trusting devices or users without robust confirmation during pairing."
c21,ble,How should I justify the local attacker model and its impact?,justify local proximity attacker model and realistic impact,4,5,3,5,1,4,1,5,673,600,94,81,"Justify the local attacker model by emphasizing that BLE devices often operate in open, physical spaces where nearby unauthorized parties can attempt connections without physical barriers. Explain that this proximity enables attackers to exploit weak or absent pairing protections to access sensitive data or device functions.

BLE pairing inherently assumes devices are within short range, but this also means attackers physically close can attempt unauthorized access if pairing lacks strong verification or encryption. Highlighting this realistic threat reinforces the need for robust pairing and authentication to prevent data exposure or control by nearby adversaries.","Justify the local attacker model by highlighting that BLE devices often assume physical proximity implies trust, enabling pairing without robust authentication. This assumption allows an attacker nearby—within typical BLE range—to intercept or interact with the device, leading to unauthorized data access or control. Emphasize that in wearable devices, which frequently expose sensitive personal data, this risk is significant. Therefore, the impact includes potential privacy breaches and device misuse, underscoring the need for stronger pairing mechanisms that verify trust beyond mere proximity."
c22,firmware,What evidence matters most when assessing firmware update security?,"integrity, authenticity, signatures, trusted source",5,5,4,5,3,4,2,5,371,390,48,52,"Focus on evidence showing whether firmware updates are cryptographically signed and if the device verifies these signatures before installation.

Signature verification ensures the integrity and authenticity of firmware updates, preventing unauthorized or malicious code from being installed. Without this, updates can be tampered with, posing significant security risks.","The most critical evidence when assessing firmware update security includes verifying whether the update is cryptographically signed to ensure authenticity and integrity, and evaluating the trustworthiness of the update retrieval channel to prevent tampering or interception. Lack of signature verification and insecure update channels are key indicators of insecure firmware update design."
c23,firmware,Why is authenticity verification essential in firmware updates?,prevent untrusted firmware and preserve device integrity,5,5,4,5,4,5,3,5,388,464,55,58,"Authenticity verification ensures that firmware updates come from a trusted source and have not been tampered with before installation.

Without verifying authenticity, an attacker could deliver malicious or altered firmware to the device, compromising its security and functionality. This check protects the device from unauthorized code that could lead to control loss or data breaches.","Authenticity verification in firmware updates is essential because it ensures that only legitimate, manufacturer-approved code is installed on the device. Without verifying authenticity—such as through digital signatures—an attacker could supply malicious firmware via insecure update channels, leading to device compromise, unauthorized control, or data breaches. This protection maintains the integrity and trustworthiness of the device throughout its lifecycle."
c24,firmware,What mitigation themes should I include for secure firmware updates?,"signatures, secure channels, validation, rollback protection if appropriate",5,5,4,5,3,4,2,5,416,578,52,76,"Include mitigation themes such as cryptographic signature verification for update authenticity, secure and encrypted update delivery channels, rollback protection, and strict validation of firmware integrity before installation.

These controls ensure that only authorized and untampered firmware is accepted by the device, protecting against malicious or corrupted updates and strengthening overall device security.","Mitigation themes for secure firmware updates should include: 1) Implementing cryptographic signature verification to ensure firmware integrity and authenticity before installation; 2) Using secure channels (e.g., TLS) for firmware retrieval to prevent tampering in transit; 3) Employing rollback protection to avoid installing older, vulnerable firmware versions; 4) Enforcing strict access controls on the update mechanism to prevent unauthorized modifications; and 5) Including robust error handling and validation checks to detect and reject corrupted or incomplete updates."
